﻿<?xml version="1.0" encoding="utf-8"?>
<Skin description="Default Oahu Luaus skin for unauthenticated (Public) users." published="True" priority="1">
  <Roles>
    <Role name="Public"></Role>
  </Roles>
  <ProductTemplates>
    <ProductTemplate name="Activity"></ProductTemplate>
    <ProductTemplate name="Catalog"></ProductTemplate>
  </ProductTemplates>
  <Files>
    <File name="HomeIndex.vbhtml" type="IndexView" controller="Home"></File>
    <File name="ProductDetail.vbhtml" type="DetailsView" controller="Products" key="Default"></File>
    <File name="ProductDetailBlog.vbhtml" type="DetailsView" controller="Products" key="Blog"></File>
    <File name="ProductIndexBlog.vbhtml" type="IndexView" controller="Products" key="Blog"></File>
    <File name="ProductLayout.vbhtml" type="LayoutView"></File>
    <File name="CartEdit.vbhtml" type="File" controller="Cart"></File>
  </Files>
</Skin>